{
  "project_info": {
    "project_number": "989703485556",
    "project_id": "disaster-management-e9049",
    "storage_bucket": "disaster-management-e9049.appspot.com"
  },
  "client": [
    {
      "client_info": {
        "mobilesdk_app_id": "1:989703485556:android:49f9172b1eb9633d1e7921",
        "android_client_info": {
          "package_name": "com.example.myapplication"
        }
      },
      "oauth_client": [],
      "api_key": [
        {
          "current_key": "AIzaSyBkOR5UM1bGaFTGvvOhB7XhFRGWgmKHqKI"
        }
      ],
      "services": {
        "appinvite_service": {
          "other_platform_oauth_client": []
        }
      }
    }
  ],
  "configuration_version": "1"
}